assemblea,codice,status,elettori,votanti,perc_votanti,aggiornamento,sezioni_perv,sezioni,coll_uni_perv,coll_uni,sezioni_coll_uni_perv,sk_bianche,sk_nulle,sk_contestate,livello,fine_riparto
scrutiniCI,01000000000,ESERCIZIO,1747346,1320192,"75,55",Dato aggiornato al 05/03/2018 - 15:07,2322,2322,9,9,0,10336,44580,165,I,
scrutiniCI,02000000000,ESERCIZIO,1632591,1220735,"74,77",Dato aggiornato al 05/03/2018 - 14:47,2493,2493,8,8,0,14101,48167,127,I,
scrutiniCI,03000000000,ESERCIZIO,2963196,2347293,"79,21",Dato aggiornato al 05/03/2018 - 13:37,3547,3547,15,15,0,23502,57325,509,I,
scrutiniCI,04000000000,ESERCIZIO,1646708,-,-,Dato aggiornato al 05/03/2018 - 15:07,1965,1983,6,8,0,-,-,-,I,
scrutiniCI,05000000000,ESERCIZIO,1637008,1305919,"79,77",Dato aggiornato al 05/03/2018 - 15:07,1996,1996,8,8,0,19385,39872,145,I,
scrutiniCI,06000000000,ESERCIZIO,1249579,945493,"75,66",Dato aggiornato al 05/03/2018 - 12:58,1701,1701,6,6,0,13078,29055,71,I,
scrutiniCI,07000000000,ESERCIZIO,1485726,1153170,"77,61",Dato aggiornato al 05/03/2018 - 12:12,1883,1883,8,8,0,11026,31337,180,I,
scrutiniCI,08000000000,ESERCIZIO,2241715,1781237,"79,45",Dato aggiornato al 05/03/2018 - 13:10,2856,2856,11,11,0,16933,46178,122,I,
scrutiniCI,09000000000,ESERCIZIO,950403,713973,"75,12",Dato aggiornato al 05/03/2018 - 11:54,1369,1369,5,5,0,7512,24656,183,I,
scrutiniCI,11000000000,ESERCIZIO,3326889,-,-,Dato aggiornato al 05/03/2018 - 13:10,4495,4510,16,17,0,-,-,-,I,
scrutiniCI,12000000000,ESERCIZIO,2841131,-,-,Dato aggiornato al 05/03/2018 - 12:12,3953,3954,13,14,0,-,-,-,I,
scrutiniCI,13000000000,ESERCIZIO,672313,525978,"78,23",Dato aggiornato al 05/03/2018 - 10:08,1005,1005,3,3,0,5339,14618,81,I,
scrutiniCI,14000000000,ESERCIZIO,1184079,915119,"77,28",Dato aggiornato al 05/03/2018 - 12:07,1574,1574,6,6,0,10985,25072,110,I,
scrutiniCI,15000000000,ESERCIZIO,2890202,-,-,Dato aggiornato al 05/03/2018 - 14:55,3239,3473,1,14,0,-,-,-,I,
scrutiniCI,16000000000,ESERCIZIO,1502774,-,-,Dato aggiornato al 05/03/2018 - 15:10,1718,1812,3,7,0,-,-,-,I,
scrutiniCI,17000000000,ESERCIZIO,1045163,786533,"75,25",Dato aggiornato al 05/03/2018 - 15:04,1639,1639,5,5,0,9227,26260,85,I,
scrutiniCI,18000000000,ESERCIZIO,254108,182007,"71,62",Dato aggiornato al 05/03/2018 - 13:40,394,394,2,2,0,3249,7652,26,I,
scrutiniCI,19000000000,ESERCIZIO,2401003,1568793,"65,33",Dato aggiornato al 05/03/2018 - 12:06,2894,2894,12,12,0,10832,38473,106,I,
scrutiniCI,21000000000,ESERCIZIO,3268162,2257628,"69,07",Dato aggiornato al 05/03/2018 - 14:43,4026,4026,16,16,0,23930,73209,259,I,
scrutiniCI,22000000000,ESERCIZIO,462768,329087,"71,11",Dato aggiornato al 05/03/2018 - 14:49,681,681,2,2,0,5669,15320,48,I,
scrutiniCI,23000000000,ESERCIZIO,1541566,-,-,Dato aggiornato al 05/03/2018 - 15:07,2406,2416,7,8,0,-,-,-,I,
scrutiniCI,24000000000,ESERCIZIO,1896537,1161710,"61,25",Dato aggiornato al 05/03/2018 - 13:29,2411,2411,9,9,0,11265,42559,67,I,
scrutiniCI,25000000000,ESERCIZIO,2111649,-,-,Dato aggiornato al 05/03/2018 - 15:00,2876,2887,9,10,0,-,-,-,I,
scrutiniCI,26000000000,ESERCIZIO,1368482,-,-,Dato aggiornato al 05/03/2018 - 14:54,1834,1838,5,6,0,-,-,-,I,
scrutiniCI,28000000000,ESERCIZIO,796817,592333,"74,33",Dato aggiornato al 05/03/2018 - 13:27,1016,1016,6,6,0,17939,35049,190,I,
scrutiniCI,01100000000,ESERCIZIO,875371,652379,"74,52",Dato aggiornato al 05/03/2018 - 15:07,1182,1182,5,5,0,4317,19620,133,L,N
scrutiniCI,01200000000,ESERCIZIO,871975,667813,"76,58",Dato aggiornato al 05/03/2018 - 14:02,1140,1140,4,4,0,6019,24960,32,L,N
scrutiniCI,02100000000,ESERCIZIO,850656,636706,"74,84",Dato aggiornato al 05/03/2018 - 14:02,1335,1335,4,4,0,7626,25526,24,L,N
scrutiniCI,02200000000,ESERCIZIO,781935,584029,"74,69",Dato aggiornato al 05/03/2018 - 14:47,1158,1158,4,4,0,6475,22641,103,L,N
scrutiniCI,03100000000,ESERCIZIO,662718,518641,"78,25",Dato aggiornato al 05/03/2018 - 14:02,730,730,3,3,0,5558,13383,41,L,N
scrutiniCI,03200000000,ESERCIZIO,768872,-,-,Dato aggiornato al 05/03/2018 - 14:02,1332,1590,3,4,0,-,-,-,L,N
scrutiniCI,03300000000,ESERCIZIO,860512,678291,"78,82",Dato aggiornato al 05/03/2018 - 14:02,1139,1139,5,5,0,6109,14737,139,L,N
scrutiniCI,03400000000,ESERCIZIO,671094,514225,"76,62",Dato aggiornato al 05/03/2018 - 14:02,764,764,3,3,0,5747,14290,225,L,N
scrutiniCI,04100000000,ESERCIZIO,686975,-,-,Dato aggiornato al 05/03/2018 - 14:46,799,810,2,3,0,-,-,-,L,N
scrutiniCI,04200000000,ESERCIZIO,959733,-,-,Dato aggiornato al 05/03/2018 - 15:01,1166,1173,4,5,0,-,-,-,L,N
scrutiniCI,05100000000,ESERCIZIO,798923,634347,"79,40",Dato aggiornato al 05/03/2018 - 14:02,1015,1015,4,4,0,9579,18992,88,L,N
scrutiniCI,05200000000,ESERCIZIO,838085,671572,"80,13",Dato aggiornato al 05/03/2018 - 14:02,981,981,4,4,0,9806,20880,57,L,N
scrutiniCI,06100000000,ESERCIZIO,645289,483099,"74,86",Dato aggiornato al 05/03/2018 - 14:02,891,891,3,3,0,6778,16081,60,L,N
scrutiniCI,06200000000,ESERCIZIO,604290,462394,"76,51",Dato aggiornato al 05/03/2018 - 14:02,810,810,3,3,0,6300,12974,11,L,N
scrutiniCI,07100000000,ESERCIZIO,765328,593047,"77,48",Dato aggiornato al 05/03/2018 - 14:02,951,951,4,4,0,5253,15491,134,L,N
scrutiniCI,07200000000,ESERCIZIO,720398,560123,"77,75",Dato aggiornato al 05/03/2018 - 14:02,932,932,4,4,0,5773,15846,46,L,N
scrutiniCI,08100000000,ESERCIZIO,712555,573175,"80,43",Dato aggiornato al 05/03/2018 - 14:02,884,884,3,3,0,5351,15139,33,L,N
scrutiniCI,08200000000,ESERCIZIO,652441,524221,"80,34",Dato aggiornato al 05/03/2018 - 14:02,832,832,3,3,0,5257,14366,57,L,N
scrutiniCI,08300000000,ESERCIZIO,876719,683841,"78,00",Dato aggiornato al 05/03/2018 - 14:02,1140,1140,5,5,0,6325,16673,32,L,N
scrutiniCI,09100000000,ESERCIZIO,950403,713973,"75,12",Dato aggiornato al 05/03/2018 - 14:02,1369,1369,5,5,0,7512,24656,183,L,N
scrutiniCI,10100000000,ESERCIZIO,605314,431649,"71,30",Dato aggiornato al 05/03/2018 - 14:02,884,884,3,3,0,4159,13011,48,L,N
scrutiniCI,10200000000,ESERCIZIO,624186,453417,"72,64",Dato aggiornato al 05/03/2018 - 14:02,905,905,3,3,0,3703,11365,50,L,N
scrutiniCI,11100000000,ESERCIZIO,844864,665268,"78,74",Dato aggiornato al 05/03/2018 - 14:02,1112,1112,4,4,0,5334,15798,40,L,N
scrutiniCI,11200000000,ESERCIZIO,791327,625850,"79,08",Dato aggiornato al 05/03/2018 - 14:02,1100,1100,4,4,0,6748,17627,69,L,N
scrutiniCI,11300000000,ESERCIZIO,760157,597851,"78,64",Dato aggiornato al 05/03/2018 - 14:02,1049,1049,4,4,0,5360,15834,78,L,N
scrutiniCI,11400000000,ESERCIZIO,930541,-,-,Dato aggiornato al 05/03/2018 - 14:02,1234,1249,4,5,0,-,-,-,L,N
scrutiniCI,12100000000,ESERCIZIO,849708,640768,"75,41",Dato aggiornato al 05/03/2018 - 14:02,1248,1248,4,4,0,5863,19722,87,L,N
scrutiniCI,12200000000,ESERCIZIO,606754,473354,"78,01",Dato aggiornato al 05/03/2018 - 14:02,796,796,3,3,0,4470,13393,64,L,N
scrutiniCI,12300000000,ESERCIZIO,755718,600864,"79,50",Dato aggiornato al 05/03/2018 - 14:02,972,972,4,4,0,5275,17417,79,L,N
scrutiniCI,12400000000,ESERCIZIO,628951,-,-,Dato aggiornato al 05/03/2018 - 14:02,937,938,2,3,0,-,-,-,L,N
scrutiniCI,13100000000,ESERCIZIO,672313,525978,"78,23",Dato aggiornato al 05/03/2018 - 14:02,1005,1005,3,3,0,5339,14618,81,L,N
scrutiniCI,14100000000,ESERCIZIO,601283,463156,"77,02",Dato aggiornato al 05/03/2018 - 14:02,769,769,3,3,0,6132,13435,63,L,N
scrutiniCI,14200000000,ESERCIZIO,582796,451963,"77,55",Dato aggiornato al 05/03/2018 - 14:02,805,805,3,3,0,4853,11637,47,L,N
scrutiniCI,15100000000,ESERCIZIO,1005501,-,-,Dato aggiornato al 05/03/2018 - 14:02,1178,1238,0,5,0,-,-,-,L,N
scrutiniCI,15200000000,ESERCIZIO,991777,-,-,Dato aggiornato al 05/03/2018 - 14:02,1212,1248,1,5,0,-,-,-,L,N
scrutiniCI,15300000000,ESERCIZIO,892924,-,-,Dato aggiornato al 05/03/2018 - 15:11,850,987,0,4,0,-,-,-,L,N
scrutiniCI,16100000000,ESERCIZIO,662651,-,-,Dato aggiornato al 05/03/2018 - 14:30,745,808,0,3,0,-,-,-,L,N
scrutiniCI,16200000000,ESERCIZIO,840123,-,-,Dato aggiornato al 05/03/2018 - 15:10,973,1004,3,4,0,-,-,-,L,N
scrutiniCI,17100000000,ESERCIZIO,604762,455013,"75,23",Dato aggiornato al 05/03/2018 - 14:02,918,918,3,3,0,5363,15189,47,L,N
scrutiniCI,17200000000,ESERCIZIO,440401,331520,"75,27",Dato aggiornato al 05/03/2018 - 15:04,721,721,2,2,0,3864,11071,38,L,N
scrutiniCI,18100000000,ESERCIZIO,254108,182007,"71,62",Dato aggiornato al 05/03/2018 - 14:02,394,394,2,2,0,3249,7652,26,L,N
scrutiniCI,19100000000,ESERCIZIO,918321,610227,"66,45",Dato aggiornato al 05/03/2018 - 14:02,1055,1055,4,4,0,3709,13958,27,L,N
scrutiniCI,19200000000,ESERCIZIO,746750,451924,"60,51",Dato aggiornato al 05/03/2018 - 14:02,884,884,4,4,0,2120,10025,54,L,N
scrutiniCI,19300000000,ESERCIZIO,735932,506642,"68,84",Dato aggiornato al 05/03/2018 - 14:02,955,955,4,4,0,5003,14490,25,L,N
scrutiniCI,20100000000,ESERCIZIO,582865,-,-,Dato aggiornato al 05/03/2018 - 14:04,839,863,2,3,0,-,-,-,L,N
scrutiniCI,20200000000,ESERCIZIO,714758,497700,"69,63",Dato aggiornato al 05/03/2018 - 14:17,929,929,3,3,0,7373,18456,24,L,N
scrutiniCI,20300000000,ESERCIZIO,860461,616610,"71,66",Dato aggiornato al 05/03/2018 - 14:20,1140,1140,4,4,0,9632,23820,64,L,N
scrutiniCI,21100000000,ESERCIZIO,830005,578136,"69,65",Dato aggiornato al 05/03/2018 - 14:02,1010,1010,4,4,0,4223,16624,100,L,N
scrutiniCI,21200000000,ESERCIZIO,844274,588731,"69,73",Dato aggiornato al 05/03/2018 - 14:02,1046,1046,4,4,0,8608,21963,8,L,N
scrutiniCI,21300000000,ESERCIZIO,847439,587008,"69,26",Dato aggiornato al 05/03/2018 - 14:43,981,981,4,4,0,6404,18667,64,L,N
scrutiniCI,21400000000,ESERCIZIO,746444,503753,"67,48",Dato aggiornato al 05/03/2018 - 14:02,989,989,4,4,0,4695,15955,87,L,N
scrutiniCI,22100000000,ESERCIZIO,462768,329087,"71,11",Dato aggiornato al 05/03/2018 - 14:49,681,681,2,2,0,5669,15320,48,L,N
scrutiniCI,23100000000,ESERCIZIO,746151,-,-,Dato aggiornato al 05/03/2018 - 14:02,1142,1152,3,4,0,-,-,-,L,N
scrutiniCI,23200000000,ESERCIZIO,795415,498268,"62,64",Dato aggiornato al 05/03/2018 - 15:07,1264,1264,4,4,0,7443,22740,14,L,N
scrutiniCI,24100000000,ESERCIZIO,549007,332391,"60,54",Dato aggiornato al 05/03/2018 - 14:02,620,620,3,3,0,1682,10777,43,L,N
scrutiniCI,24200000000,ESERCIZIO,709562,446059,"62,86",Dato aggiornato al 05/03/2018 - 14:02,895,895,3,3,0,5260,17877,2,L,N
scrutiniCI,24300000000,ESERCIZIO,637968,383260,"60,07",Dato aggiornato al 05/03/2018 - 14:02,896,896,3,3,0,4323,13905,22,L,N
scrutiniCI,25100000000,ESERCIZIO,645421,420636,"65,17",Dato aggiornato al 05/03/2018 - 14:02,1006,1006,3,3,0,5942,17614,42,L,N
scrutiniCI,25200000000,ESERCIZIO,678635,-,-,Dato aggiornato al 05/03/2018 - 15:00,826,837,2,3,0,-,-,-,L,N
scrutiniCI,25300000000,ESERCIZIO,787593,492382,"62,51",Dato aggiornato al 05/03/2018 - 14:43,1044,1044,4,4,0,4520,15905,84,L,N
scrutiniCI,26100000000,ESERCIZIO,748040,-,-,Dato aggiornato al 05/03/2018 - 14:54,967,971,2,3,0,-,-,-,L,N
scrutiniCI,26200000000,ESERCIZIO,620442,401110,"64,64",Dato aggiornato al 05/03/2018 - 14:02,867,867,3,3,0,3819,12817,74,L,N
scrutiniCI,28100000000,ESERCIZIO,796817,592333,"74,33",Dato aggiornato al 05/03/2018 - 14:02,1016,1016,6,6,0,17939,35049,190,L,N
scrutiniCI,01110000000,ESERCIZIO,164897,124770,"75,66",Dato aggiornato al 05/03/2018 - 15:07,243,243,,,243,823,3451,13,U,
scrutiniCI,01120000000,ESERCIZIO,149325,104273,"69,82",Dato aggiornato al 05/03/2018 - 13:46,211,211,,,211,793,3600,15,U,
scrutiniCI,01130000000,ESERCIZIO,173119,127061,"73,39",Dato aggiornato al 05/03/2018 - 13:46,240,240,,,240,832,3853,23,U,
scrutiniCI,01140000000,ESERCIZIO,161450,118966,"73,68",Dato aggiornato al 05/03/2018 - 13:46,225,225,,,225,772,3679,33,U,
scrutiniCI,01150000000,ESERCIZIO,226580,177309,"78,25",Dato aggiornato al 05/03/2018 - 13:46,263,263,,,263,1097,5037,49,U,
scrutiniCI,01210000000,ESERCIZIO,208280,156825,"75,29",Dato aggiornato al 05/03/2018 - 13:46,326,326,,,326,1651,6650,11,U,
scrutiniCI,01220000000,ESERCIZIO,237280,183344,"77,26",Dato aggiornato al 05/03/2018 - 13:56,289,289,,,289,1457,5978,5,U,
scrutiniCI,01230000000,ESERCIZIO,205395,158217,"77,03",Dato aggiornato al 05/03/2018 - 13:46,238,238,,,238,1367,5850,2,U,
scrutiniCI,01240000000,ESERCIZIO,221020,169427,"76,65",Dato aggiornato al 05/03/2018 - 13:46,287,287,,,287,1544,6482,14,U,
scrutiniCI,02110000000,ESERCIZIO,208523,151366,"72,58",Dato aggiornato al 05/03/2018 - 13:46,320,320,,,320,1441,4660,8,U,
scrutiniCI,02120000000,ESERCIZIO,196078,142278,"72,56",Dato aggiornato al 05/03/2018 - 13:46,325,325,,,325,1663,5525,10,U,
scrutiniCI,02130000000,ESERCIZIO,222586,171982,"77,26",Dato aggiornato al 05/03/2018 - 13:46,325,325,,,325,2220,7843,5,U,
scrutiniCI,02140000000,ESERCIZIO,223469,171080,"76,55",Dato aggiornato al 05/03/2018 - 13:46,365,365,,,365,2302,7498,1,U,
scrutiniCI,02210000000,ESERCIZIO,204939,152628,"74,47",Dato aggiornato al 05/03/2018 - 13:48,324,324,,,324,1756,6246,55,U,
scrutiniCI,02220000000,ESERCIZIO,205466,155193,"75,53",Dato aggiornato al 05/03/2018 - 13:46,247,247,,,247,1498,5450,11,U,
scrutiniCI,02230000000,ESERCIZIO,186910,139825,"74,80",Dato aggiornato al 05/03/2018 - 13:46,295,295,,,295,1599,5965,27,U,
scrutiniCI,02240000000,ESERCIZIO,184620,136383,"73,87",Dato aggiornato al 05/03/2018 - 14:47,292,292,,,292,1622,4980,10,U,
scrutiniCI,03110000000,ESERCIZIO,238224,186063,"78,10",Dato aggiornato al 05/03/2018 - 13:46,262,262,,,262,1919,4868,14,U,
scrutiniCI,03120000000,ESERCIZIO,194103,152203,"78,41",Dato aggiornato al 05/03/2018 - 13:46,225,225,,,225,1645,3608,21,U,
scrutiniCI,03130000000,ESERCIZIO,230391,180375,"78,29",Dato aggiornato al 05/03/2018 - 13:46,243,243,,,243,1994,4907,6,U,
scrutiniCI,03210000000,ESERCIZIO,214204,164196,"76,65",Dato aggiornato al 05/03/2018 - 13:46,245,245,,,245,1818,4473,3,U,
scrutiniCI,03220000000,ESERCIZIO,182858,139930,"76,52",Dato aggiornato al 05/03/2018 - 13:46,217,217,,,217,1477,3701,50,U,
scrutiniCI,03230000000,ESERCIZIO,166207,-,-,Dato aggiornato al 05/03/2018 - 13:59,627,885,,,-,-,-,-,U,
scrutiniCI,03240000000,ESERCIZIO,205603,158648,"77,16",Dato aggiornato al 05/03/2018 - 13:46,243,243,,,243,1542,3783,37,U,
scrutiniCI,03310000000,ESERCIZIO,168099,133424,"79,37",Dato aggiornato al 05/03/2018 - 13:46,221,221,,,221,1260,3166,20,U,
scrutiniCI,03320000000,ESERCIZIO,163907,127509,"77,79",Dato aggiornato al 05/03/2018 - 13:46,225,225,,,225,1183,2721,28,U,
scrutiniCI,03330000000,ESERCIZIO,173828,140933,"81,07",Dato aggiornato al 05/03/2018 - 13:46,232,232,,,232,1194,2641,38,U,
scrutiniCI,03340000000,ESERCIZIO,172932,138098,"79,85",Dato aggiornato al 05/03/2018 - 13:46,226,226,,,226,1057,2791,12,U,
scrutiniCI,03350000000,ESERCIZIO,181746,138327,"76,11",Dato aggiornato al 05/03/2018 - 13:46,235,235,,,235,1415,3418,41,U,
scrutiniCI,03410000000,ESERCIZIO,223492,172961,"77,39",Dato aggiornato al 05/03/2018 - 13:46,238,238,,,238,2048,5065,39,U,
scrutiniCI,03420000000,ESERCIZIO,222521,170633,"76,68",Dato aggiornato al 05/03/2018 - 13:46,255,255,,,255,1908,4752,140,U,
scrutiniCI,03430000000,ESERCIZIO,,170631,"75,80",Dato aggiornato al 05/03/2018 - 13:46,271,271,,,271,1791,4473,46,U,
scrutiniCI,04110000000,ESERCIZIO,201442,148183,"73,56",Dato aggiornato al 05/03/2018 - 14:46,259,259,,,259,2011,4763,27,U,
scrutiniCI,04120000000,ESERCIZIO,243724,187108,"76,77",Dato aggiornato al 05/03/2018 - 14:28,275,275,,,275,2404,5651,19,U,
scrutiniCI,04130000000,ESERCIZIO,241809,-,-,Dato aggiornato al 05/03/2018 - 13:53,265,276,,,-,-,-,-,U,
scrutiniCI,04210000000,ESERCIZIO,189764,143363,"75,54",Dato aggiornato al 05/03/2018 - 13:46,279,279,,,279,2707,5599,4,U,
scrutiniCI,04220000000,ESERCIZIO,236049,178084,"75,44",Dato aggiornato al 05/03/2018 - 14:17,259,259,,,259,2223,5571,122,U,
scrutiniCI,04230000000,ESERCIZIO,184641,-,-,Dato aggiornato al 05/03/2018 - 15:01,205,212,,,-,-,-,-,U,
scrutiniCI,04240000000,ESERCIZIO,171672,135947,"79,18",Dato aggiornato al 05/03/2018 - 13:46,199,199,,,199,2092,4498,38,U,
scrutiniCI,04250000000,ESERCIZIO,177607,139313,"78,43",Dato aggiornato al 05/03/2018 - 13:46,224,224,,,224,2203,4794,8,U,
scrutiniCI,05110000000,ESERCIZIO,201500,159102,"78,95",Dato aggiornato al 05/03/2018 - 13:46,272,272,,,272,1878,4181,9,U,
scrutiniCI,05120000000,ESERCIZIO,210900,167055,"79,21",Dato aggiornato al 05/03/2018 - 13:46,313,313,,,313,3049,5940,37,U,
scrutiniCI,05130000000,ESERCIZIO,197281,154488,"78,30",Dato aggiornato al 05/03/2018 - 13:46,226,226,,,226,2277,4342,36,U,
scrutiniCI,05140000000,ESERCIZIO,189242,153702,"81,21",Dato aggiornato al 05/03/2018 - 13:46,204,204,,,204,2375,4529,6,U,
scrutiniCI,05210000000,ESERCIZIO,228419,183497,"80,33",Dato aggiornato al 05/03/2018 - 13:46,258,258,,,258,2204,4969,28,U,
scrutiniCI,05220000000,ESERCIZIO,234969,188408,"80,18",Dato aggiornato al 05/03/2018 - 13:46,308,308,,,308,3173,6365,9,U,
scrutiniCI,05230000000,ESERCIZIO,177797,141257,"79,44",Dato aggiornato al 05/03/2018 - 13:46,189,189,,,189,1946,4420,9,U,
scrutiniCI,05240000000,ESERCIZIO,196900,158410,"80,45",Dato aggiornato al 05/03/2018 - 13:46,226,226,,,226,2483,5126,11,U,
scrutiniCI,06110000000,ESERCIZIO,197051,142909,"72,52",Dato aggiornato al 05/03/2018 - 13:46,270,270,,,270,2181,5145,11,U,
scrutiniCI,06120000000,ESERCIZIO,220946,165686,"74,98",Dato aggiornato al 05/03/2018 - 13:46,334,334,,,334,2363,5551,7,U,
scrutiniCI,06130000000,ESERCIZIO,227292,174504,"76,77",Dato aggiornato al 05/03/2018 - 13:46,287,287,,,287,2234,5385,42,U,
scrutiniCI,06210000000,ESERCIZIO,210990,164190,"77,81",Dato aggiornato al 05/03/2018 - 13:46,298,298,,,298,2136,4896,10,U,
scrutiniCI,06220000000,ESERCIZIO,192542,146882,"76,28",Dato aggiornato al 05/03/2018 - 13:46,268,268,,,268,2335,4439,0,U,
scrutiniCI,06230000000,ESERCIZIO,200758,151322,"75,37",Dato aggiornato al 05/03/2018 - 13:46,244,244,,,244,1829,3639,1,U,
scrutiniCI,07110000000,ESERCIZIO,216548,160729,"74,22",Dato aggiornato al 05/03/2018 - 13:56,282,282,,,282,1253,4038,40,U,
scrutiniCI,07120000000,ESERCIZIO,195825,152442,"77,84",Dato aggiornato al 05/03/2018 - 13:46,246,246,,,246,1440,4019,79,U,
scrutiniCI,07130000000,ESERCIZIO,200941,156602,"77,93",Dato aggiornato al 05/03/2018 - 13:46,241,241,,,241,1503,4329,13,U,
scrutiniCI,07140000000,ESERCIZIO,152014,123274,"81,09",Dato aggiornato al 05/03/2018 - 13:46,182,182,,,182,1057,3105,2,U,
scrutiniCI,07210000000,ESERCIZIO,151877,120155,"79,11",Dato aggiornato al 05/03/2018 - 13:46,185,185,,,185,1237,3335,18,U,
scrutiniCI,07220000000,ESERCIZIO,192807,151138,"78,38",Dato aggiornato al 05/03/2018 - 13:46,251,251,,,251,1626,4262,20,U,
scrutiniCI,07230000000,ESERCIZIO,164146,121704,"74,14",Dato aggiornato al 05/03/2018 - 13:46,243,243,,,243,1467,4220,0,U,
scrutiniCI,07240000000,ESERCIZIO,211568,167126,"78,99",Dato aggiornato al 05/03/2018 - 13:46,253,253,,,253,1443,4029,8,U,
scrutiniCI,08110000000,ESERCIZIO,220910,173869,"78,70",Dato aggiornato al 05/03/2018 - 13:46,279,279,,,279,1465,4226,11,U,
scrutiniCI,08120000000,ESERCIZIO,240582,197957,"82,28",Dato aggiornato al 05/03/2018 - 13:46,288,288,,,288,1764,5293,15,U,
scrutiniCI,08130000000,ESERCIZIO,251063,201349,"80,19",Dato aggiornato al 05/03/2018 - 13:46,317,317,,,317,2122,5620,7,U,
scrutiniCI,08210000000,ESERCIZIO,199507,158030,"79,21",Dato aggiornato al 05/03/2018 - 14:34,262,262,,,262,1510,4512,27,U,
scrutiniCI,08220000000,ESERCIZIO,230572,187439,"81,29",Dato aggiornato al 05/03/2018 - 13:46,287,287,,,287,1902,5016,4,U,
scrutiniCI,08230000000,ESERCIZIO,222362,178752,"80,38",Dato aggiornato al 05/03/2018 - 13:46,283,283,,,283,1845,4838,26,U,
scrutiniCI,08310000000,ESERCIZIO,190553,145803,"76,51",Dato aggiornato al 05/03/2018 - 13:46,279,279,,,279,1696,4334,2,U,
scrutiniCI,08320000000,ESERCIZIO,165477,132227,"79,90",Dato aggiornato al 05/03/2018 - 13:46,203,203,,,203,1273,3326,0,U,
scrutiniCI,08330000000,ESERCIZIO,190696,145901,"76,50",Dato aggiornato al 05/03/2018 - 13:46,268,268,,,268,1071,3140,14,U,
scrutiniCI,08340000000,ESERCIZIO,160932,125785,"78,16",Dato aggiornato al 05/03/2018 - 13:46,192,192,,,192,1221,3061,2,U,
scrutiniCI,08350000000,ESERCIZIO,169061,134125,"79,33",Dato aggiornato al 05/03/2018 - 13:46,198,198,,,198,1064,2812,14,U,
scrutiniCI,09110000000,ESERCIZIO,174576,122693,"70,28",Dato aggiornato al 05/03/2018 - 13:46,260,260,,,260,1052,3445,40,U,
scrutiniCI,09120000000,ESERCIZIO,158588,119370,"75,27",Dato aggiornato al 05/03/2018 - 13:46,236,236,,,236,1469,4927,22,U,
scrutiniCI,09130000000,ESERCIZIO,217779,166058,"76,25",Dato aggiornato al 05/03/2018 - 13:46,288,288,,,288,1715,5680,40,U,
scrutiniCI,09140000000,ESERCIZIO,179354,134713,"75,11",Dato aggiornato al 05/03/2018 - 13:46,297,297,,,297,1577,5415,39,U,
scrutiniCI,09150000000,ESERCIZIO,220106,171139,"77,75",Dato aggiornato al 05/03/2018 - 13:46,288,288,,,288,1699,5189,42,U,
scrutiniCI,10110000000,ESERCIZIO,212971,149208,"70,06",Dato aggiornato al 05/03/2018 - 13:46,322,322,,,322,1373,4308,12,U,
scrutiniCI,10120000000,ESERCIZIO,200481,149240,"74,44",Dato aggiornato al 05/03/2018 - 13:46,277,277,,,277,1662,5146,19,U,
scrutiniCI,10130000000,ESERCIZIO,191862,133201,"69,42",Dato aggiornato al 05/03/2018 - 13:46,285,285,,,285,1124,3557,17,U,
scrutiniCI,10210000000,ESERCIZIO,196580,137487,"69,93",Dato aggiornato al 05/03/2018 - 13:46,281,281,,,281,1004,3117,10,U,
scrutiniCI,10220000000,ESERCIZIO,229821,169443,"73,72",Dato aggiornato al 05/03/2018 - 13:46,331,331,,,331,1394,4313,18,U,
scrutiniCI,10230000000,ESERCIZIO,197785,146487,"74,06",Dato aggiornato al 05/03/2018 - 13:46,293,293,,,293,1305,3935,22,U,
scrutiniCI,11110000000,ESERCIZIO,210468,168040,"79,84",Dato aggiornato al 05/03/2018 - 13:46,280,280,,,280,1488,4356,1,U,
scrutiniCI,11120000000,ESERCIZIO,219475,173335,"78,97",Dato aggiornato al 05/03/2018 - 13:46,302,302,,,302,1340,3990,7,U,
scrutiniCI,11130000000,ESERCIZIO,222369,171910,"77,30",Dato aggiornato al 05/03/2018 - 13:46,288,288,,,288,1315,3722,12,U,
scrutiniCI,11140000000,ESERCIZIO,192552,151983,"78,93",Dato aggiornato al 05/03/2018 - 13:46,242,242,,,242,1191,3730,20,U,
scrutiniCI,11210000000,ESERCIZIO,217164,169739,"78,16",Dato aggiornato al 05/03/2018 - 13:46,330,330,,,330,1780,5136,3,U,
scrutiniCI,11220000000,ESERCIZIO,155157,123760,"79,76",Dato aggiornato al 05/03/2018 - 13:46,194,194,,,194,1412,3322,22,U,
scrutiniCI,11230000000,ESERCIZIO,203469,162009,"79,62",Dato aggiornato al 05/03/2018 - 13:46,275,275,,,275,1640,4261,35,U,
scrutiniCI,11240000000,ESERCIZIO,215537,170342,"79,03",Dato aggiornato al 05/03/2018 - 13:46,301,301,,,301,1916,4908,9,U,
scrutiniCI,11310000000,ESERCIZIO,179375,142797,"79,60",Dato aggiornato al 05/03/2018 - 13:46,226,226,,,226,1328,3798,14,U,
scrutiniCI,11320000000,ESERCIZIO,183807,149079,"81,10",Dato aggiornato al 05/03/2018 - 13:46,221,221,,,221,1420,4343,24,U,
scrutiniCI,11330000000,ESERCIZIO,198379,150603,"75,91",Dato aggiornato al 05/03/2018 - 13:46,316,316,,,316,1201,3612,3,U,
scrutiniCI,11340000000,ESERCIZIO,198596,155372,"78,23",Dato aggiornato al 05/03/2018 - 13:46,286,286,,,286,1411,4081,37,U,
scrutiniCI,11410000000,ESERCIZIO,225768,179151,"79,35",Dato aggiornato al 05/03/2018 - 13:46,271,271,,,271,2041,5657,6,U,
scrutiniCI,11420000000,ESERCIZIO,172726,130218,"75,38",Dato aggiornato al 05/03/2018 - 13:46,249,249,,,249,1015,2891,14,U,
scrutiniCI,11430000000,ESERCIZIO,158328,118755,"75,00",Dato aggiornato al 05/03/2018 - 13:46,221,221,,,221,1180,3324,0,U,
scrutiniCI,11440000000,ESERCIZIO,211364,159986,"75,69",Dato aggiornato al 05/03/2018 - 13:46,303,303,,,303,1821,4678,2,U,
scrutiniCI,11450000000,ESERCIZIO,162355,-,-,Dato aggiornato al 05/03/2018 - 13:46,190,205,,,-,-,-,-,U,
scrutiniCI,12110000000,ESERCIZIO,201546,156468,"77,63",Dato aggiornato al 05/03/2018 - 13:46,267,267,,,267,1411,4810,35,U,
scrutiniCI,12120000000,ESERCIZIO,197715,151361,"76,55",Dato aggiornato al 05/03/2018 - 13:46,274,274,,,274,1485,4972,5,U,
scrutiniCI,12130000000,ESERCIZIO,222173,162473,"73,12",Dato aggiornato al 05/03/2018 - 13:46,369,369,,,369,1411,4943,40,U,
scrutiniCI,12140000000,ESERCIZIO,228274,170466,"74,67",Dato aggiornato al 05/03/2018 - 13:46,338,338,,,338,1556,4997,7,U,
scrutiniCI,12210000000,ESERCIZIO,200013,156144,"78,06",Dato aggiornato al 05/03/2018 - 13:46,237,237,,,237,1414,4369,4,U,
scrutiniCI,12220000000,ESERCIZIO,193558,153741,"79,42",Dato aggiornato al 05/03/2018 - 11:02,265,265,,,265,1725,4727,17,U,
scrutiniCI,12230000000,ESERCIZIO,213183,163469,"76,68",Dato aggiornato al 05/03/2018 - 13:46,294,294,,,294,1331,4297,43,U,
scrutiniCI,12310000000,ESERCIZIO,177968,139584,"78,43",Dato aggiornato al 05/03/2018 - 13:46,239,239,,,239,1135,3767,31,U,
scrutiniCI,12320000000,ESERCIZIO,172159,135418,"78,65",Dato aggiornato al 05/03/2018 - 13:46,222,222,,,222,1104,3765,31,U,
scrutiniCI,12330000000,ESERCIZIO,202149,162176,"80,22",Dato aggiornato al 05/03/2018 - 13:46,251,251,,,251,1466,4887,14,U,
scrutiniCI,12340000000,ESERCIZIO,203442,163686,"80,45",Dato aggiornato al 05/03/2018 - 13:46,260,260,,,260,1570,4998,3,U,
scrutiniCI,12410000000,ESERCIZIO,210152,165343,"78,67",Dato aggiornato al 05/03/2018 - 13:46,297,297,,,297,2093,5374,9,U,
scrutiniCI,12420000000,ESERCIZIO,194713,152867,"78,50",Dato aggiornato al 05/03/2018 - 13:46,293,293,,,293,1884,5103,6,U,
scrutiniCI,12430000000,ESERCIZIO,224086,-,-,Dato aggiornato al 05/03/2018 - 13:46,347,348,,,-,-,-,-,U,
scrutiniCI,13110000000,ESERCIZIO,213871,168351,"78,71",Dato aggiornato al 05/03/2018 - 13:46,279,279,,,279,1615,4431,12,U,
scrutiniCI,13120000000,ESERCIZIO,231030,183271,"79,32",Dato aggiornato al 05/03/2018 - 13:46,353,353,,,353,2058,5435,20,U,
scrutiniCI,13130000000,ESERCIZIO,227412,174356,"76,66",Dato aggiornato al 05/03/2018 - 13:46,373,373,,,373,1666,4752,49,U,
scrutiniCI,14110000000,ESERCIZIO,192261,148065,"77,01",Dato aggiornato al 05/03/2018 - 13:46,253,253,,,253,1938,4226,23,U,
scrutiniCI,14120000000,ESERCIZIO,208541,159683,"76,57",Dato aggiornato al 05/03/2018 - 13:46,246,246,,,246,2135,4630,18,U,
scrutiniCI,14130000000,ESERCIZIO,200481,155408,"77,51",Dato aggiornato al 05/03/2018 - 13:46,270,270,,,270,2059,4579,22,U,
scrutiniCI,14210000000,ESERCIZIO,199570,152599,"76,46",Dato aggiornato al 05/03/2018 - 13:46,272,272,,,272,1650,3785,7,U,
scrutiniCI,14220000000,ESERCIZIO,203626,157376,"77,28",Dato aggiornato al 05/03/2018 - 13:46,265,265,,,265,1803,4308,16,U,
scrutiniCI,14230000000,ESERCIZIO,179600,141988,"79,05",Dato aggiornato al 05/03/2018 - 13:46,268,268,,,268,1400,3544,24,U,
scrutiniCI,15110000000,ESERCIZIO,159814,-,-,Dato aggiornato al 05/03/2018 - 13:46,207,218,,,-,-,-,-,U,
scrutiniCI,15120000000,ESERCIZIO,168908,-,-,Dato aggiornato al 05/03/2018 - 13:46,188,201,,,-,-,-,-,U,
scrutiniCI,15130000000,ESERCIZIO,229078,-,-,Dato aggiornato al 05/03/2018 - 13:46,264,281,,,-,-,-,-,U,
scrutiniCI,15140000000,ESERCIZIO,215427,-,-,Dato aggiornato al 05/03/2018 - 13:46,246,254,,,-,-,-,-,U,
scrutiniCI,15150000000,ESERCIZIO,232274,-,-,Dato aggiornato al 05/03/2018 - 13:46,273,284,,,-,-,-,-,U,
scrutiniCI,15210000000,ESERCIZIO,170902,-,-,Dato aggiornato al 05/03/2018 - 13:46,226,230,,,-,-,-,-,U,
scrutiniCI,15220000000,ESERCIZIO,208262,-,-,Dato aggiornato al 05/03/2018 - 13:46,268,277,,,-,-,-,-,U,
scrutiniCI,15230000000,ESERCIZIO,248924,-,-,Dato aggiornato al 05/03/2018 - 13:46,246,263,,,-,-,-,-,U,
scrutiniCI,15240000000,ESERCIZIO,192983,-,-,Dato aggiornato al 05/03/2018 - 13:46,251,257,,,-,-,-,-,U,
scrutiniCI,15250000000,ESERCIZIO,170706,119556,"70,03",Dato aggiornato al 05/03/2018 - 13:46,221,221,,,221,1183,3402,48,U,
scrutiniCI,15310000000,ESERCIZIO,222437,-,-,Dato aggiornato al 05/03/2018 - 13:46,249,257,,,-,-,-,-,U,
scrutiniCI,15320000000,ESERCIZIO,212026,-,-,Dato aggiornato al 05/03/2018 - 15:11,242,259,,,-,-,-,-,U,
scrutiniCI,15330000000,ESERCIZIO,231538,-,-,Dato aggiornato al 05/03/2018 - 14:30,174,235,,,-,-,-,-,U,
scrutiniCI,15340000000,ESERCIZIO,226923,-,-,Dato aggiornato al 05/03/2018 - 14:55,185,236,,,-,-,-,-,U,
scrutiniCI,16110000000,ESERCIZIO,222392,-,-,Dato aggiornato al 05/03/2018 - 14:15,266,269,,,-,-,-,-,U,
scrutiniCI,16120000000,ESERCIZIO,231798,-,-,Dato aggiornato al 05/03/2018 - 13:46,208,243,,,-,-,-,-,U,
scrutiniCI,16130000000,ESERCIZIO,208461,-,-,Dato aggiornato al 05/03/2018 - 14:30,271,296,,,-,-,-,-,U,
scrutiniCI,16210000000,ESERCIZIO,204593,153563,"75,05",Dato aggiornato al 05/03/2018 - 14:12,239,239,,,239,3787,7150,1,U,
scrutiniCI,16220000000,ESERCIZIO,191038,-,-,Dato aggiornato al 05/03/2018 - 15:10,226,257,,,-,-,-,-,U,
scrutiniCI,16230000000,ESERCIZIO,204654,145832,"71,25",Dato aggiornato al 05/03/2018 - 14:55,238,238,,,238,3171,6139,8,U,
scrutiniCI,16240000000,ESERCIZIO,239838,177698,"74,09",Dato aggiornato al 05/03/2018 - 13:58,270,270,,,270,2658,6231,74,U,
scrutiniCI,17110000000,ESERCIZIO,221440,167183,"75,49",Dato aggiornato al 05/03/2018 - 13:46,331,331,,,331,1633,4877,1,U,
scrutiniCI,17120000000,ESERCIZIO,183782,138006,"75,09",Dato aggiornato al 05/03/2018 - 13:46,269,269,,,269,1674,4656,39,U,
scrutiniCI,17130000000,ESERCIZIO,199540,149824,"75,08",Dato aggiornato al 05/03/2018 - 14:36,318,318,,,318,2056,5656,7,U,
scrutiniCI,17210000000,ESERCIZIO,197966,147985,"74,75",Dato aggiornato al 05/03/2018 - 13:46,348,348,,,348,1572,5130,22,U,
scrutiniCI,17220000000,ESERCIZIO,242435,183535,"75,70",Dato aggiornato al 05/03/2018 - 15:04,373,373,,,373,2292,5941,16,U,
scrutiniCI,18110000000,ESERCIZIO,121234,84793,"69,94",Dato aggiornato al 05/03/2018 - 13:46,210,210,,,210,1733,4038,25,U,
scrutiniCI,18120000000,ESERCIZIO,132874,97214,"73,16",Dato aggiornato al 05/03/2018 - 13:46,184,184,,,184,1516,3614,1,U,
scrutiniCI,19110000000,ESERCIZIO,236861,155060,"65,46",Dato aggiornato al 05/03/2018 - 13:46,268,268,,,268,838,3440,1,U,
scrutiniCI,19120000000,ESERCIZIO,,153528,"69,88",Dato aggiornato al 05/03/2018 - 13:46,251,251,,,251,962,3369,11,U,
scrutiniCI,19130000000,ESERCIZIO,229048,151664,"66,21",Dato aggiornato al 05/03/2018 - 13:46,274,274,,,274,988,3380,0,U,
scrutiniCI,19140000000,ESERCIZIO,232734,149975,"64,44",Dato aggiornato al 05/03/2018 - 13:46,262,262,,,262,921,3769,15,U,
scrutiniCI,19210000000,ESERCIZIO,186095,120933,"64,98",Dato aggiornato al 05/03/2018 - 13:46,223,223,,,223,511,2729,17,U,
scrutiniCI,19220000000,ESERCIZIO,196461,112844,"57,43",Dato aggiornato al 05/03/2018 - 13:46,220,220,,,220,624,2491,9,U,
scrutiniCI,19230000000,ESERCIZIO,187569,108471,"57,82",Dato aggiornato al 05/03/2018 - 13:46,236,236,,,236,456,2501,25,U,
scrutiniCI,19240000000,ESERCIZIO,176625,109676,"62,09",Dato aggiornato al 05/03/2018 - 13:46,205,205,,,205,529,2304,3,U,
scrutiniCI,19310000000,ESERCIZIO,175987,128175,"72,83",Dato aggiornato al 05/03/2018 - 13:46,222,222,,,222,1606,4051,3,U,
scrutiniCI,19320000000,ESERCIZIO,166924,115837,"69,39",Dato aggiornato al 05/03/2018 - 13:46,222,222,,,222,781,2556,9,U,
scrutiniCI,19330000000,ESERCIZIO,199085,128745,"64,66",Dato aggiornato al 05/03/2018 - 13:46,280,280,,,280,918,3491,13,U,
scrutiniCI,19340000000,ESERCIZIO,193936,133885,"69,03",Dato aggiornato al 05/03/2018 - 13:46,231,231,,,231,1698,4392,0,U,
scrutiniCI,20110000000,ESERCIZIO,191786,-,-,Dato aggiornato al 05/03/2018 - 14:04,261,285,,,-,-,-,-,U,
scrutiniCI,20120000000,ESERCIZIO,192134,135807,"70,68",Dato aggiornato al 05/03/2018 - 14:00,298,298,,,298,2958,6133,1,U,
scrutiniCI,20130000000,ESERCIZIO,198945,147402,"74,09",Dato aggiornato al 05/03/2018 - 13:46,280,280,,,280,2104,5563,11,U,
scrutiniCI,20210000000,ESERCIZIO,243869,171885,"70,48",Dato aggiornato al 05/03/2018 - 13:46,303,303,,,303,2326,5856,22,U,
scrutiniCI,20220000000,ESERCIZIO,223612,156807,"70,12",Dato aggiornato al 05/03/2018 - 14:17,333,333,,,333,3141,7372,0,U,
scrutiniCI,20230000000,ESERCIZIO,247277,169008,"68,34",Dato aggiornato al 05/03/2018 - 13:46,293,293,,,293,1906,5228,2,U,
scrutiniCI,20310000000,ESERCIZIO,228701,164748,"72,03",Dato aggiornato al 05/03/2018 - 13:46,269,269,,,269,2015,5792,30,U,
scrutiniCI,20320000000,ESERCIZIO,235773,171604,"72,78",Dato aggiornato al 05/03/2018 - 13:46,311,311,,,311,2191,5997,16,U,
scrutiniCI,20330000000,ESERCIZIO,198111,142636,"71,99",Dato aggiornato al 05/03/2018 - 14:20,240,240,,,240,2237,5341,0,U,
scrutiniCI,20340000000,ESERCIZIO,197876,137622,"69,54",Dato aggiornato al 05/03/2018 - 13:46,320,320,,,320,3189,6690,18,U,
scrutiniCI,21110000000,ESERCIZIO,179414,123277,"68,71",Dato aggiornato al 05/03/2018 - 13:46,232,232,,,232,664,3233,38,U,
scrutiniCI,21120000000,ESERCIZIO,247798,172150,"69,47",Dato aggiornato al 05/03/2018 - 13:46,309,309,,,309,1111,4679,9,U,
scrutiniCI,21130000000,ESERCIZIO,190165,128443,"67,54",Dato aggiornato al 05/03/2018 - 13:46,222,222,,,222,1155,4169,1,U,
scrutiniCI,21140000000,ESERCIZIO,212628,154266,"72,55",Dato aggiornato al 05/03/2018 - 13:46,247,247,,,247,1293,4543,52,U,
scrutiniCI,21210000000,ESERCIZIO,213948,150111,"70,16",Dato aggiornato al 05/03/2018 - 13:46,255,255,,,255,1889,5414,2,U,
scrutiniCI,21220000000,ESERCIZIO,217971,154132,"70,71",Dato aggiornato al 05/03/2018 - 13:46,275,275,,,275,2379,5704,1,U,
scrutiniCI,21230000000,ESERCIZIO,220835,153559,"69,53",Dato aggiornato al 05/03/2018 - 13:54,289,289,,,289,2504,5752,4,U,
scrutiniCI,21240000000,ESERCIZIO,191520,130929,"68,36",Dato aggiornato al 05/03/2018 - 13:46,227,227,,,227,1836,5093,1,U,
scrutiniCI,21310000000,ESERCIZIO,243467,175316,"72,00",Dato aggiornato al 05/03/2018 - 14:43,282,282,,,282,1891,5433,21,U,
scrutiniCI,21320000000,ESERCIZIO,200344,130779,"65,27",Dato aggiornato al 05/03/2018 - 13:46,232,232,,,232,1112,3568,27,U,
scrutiniCI,21330000000,ESERCIZIO,220143,154883,"70,35",Dato aggiornato al 05/03/2018 - 13:46,249,249,,,249,1825,5298,8,U,
scrutiniCI,21340000000,ESERCIZIO,183485,126030,"68,68",Dato aggiornato al 05/03/2018 - 13:46,218,218,,,218,1576,4368,8,U,
scrutiniCI,21410000000,ESERCIZIO,223455,155094,"69,40",Dato aggiornato al 05/03/2018 - 13:46,296,296,,,296,1405,4725,31,U,
scrutiniCI,21420000000,ESERCIZIO,158112,106322,"67,24",Dato aggiornato al 05/03/2018 - 13:46,231,231,,,231,1189,3700,39,U,
scrutiniCI,21430000000,ESERCIZIO,180490,118569,"65,69",Dato aggiornato al 05/03/2018 - 13:46,226,226,,,226,1080,3294,15,U,
scrutiniCI,21440000000,ESERCIZIO,184387,123768,"67,12",Dato aggiornato al 05/03/2018 - 13:46,236,236,,,236,1021,4236,2,U,
scrutiniCI,22110000000,ESERCIZIO,211501,152087,"71,90",Dato aggiornato al 05/03/2018 - 13:46,311,311,,,311,3181,7778,37,U,
scrutiniCI,22120000000,ESERCIZIO,251267,177000,"70,44",Dato aggiornato al 05/03/2018 - 14:49,370,370,,,370,2488,7542,11,U,
scrutiniCI,23110000000,ESERCIZIO,194722,127665,"65,56",Dato aggiornato al 05/03/2018 - 13:46,297,297,,,297,2661,6342,3,U,
scrutiniCI,23120000000,ESERCIZIO,177377,109489,"61,72",Dato aggiornato al 05/03/2018 - 13:54,284,284,,,284,2012,4422,2,U,
scrutiniCI,23130000000,ESERCIZIO,196734,-,-,Dato aggiornato al 05/03/2018 - 13:46,283,293,,,-,-,-,-,U,
scrutiniCI,23140000000,ESERCIZIO,177318,108519,"61,20",Dato aggiornato al 05/03/2018 - 13:46,278,278,,,278,1610,3918,0,U,
scrutiniCI,23210000000,ESERCIZIO,187577,120819,"64,41",Dato aggiornato al 05/03/2018 - 13:46,265,265,,,265,1621,4871,3,U,
scrutiniCI,23220000000,ESERCIZIO,188252,121906,"64,75",Dato aggiornato al 05/03/2018 - 15:07,316,316,,,316,2215,5696,4,U,
scrutiniCI,23230000000,ESERCIZIO,205047,123557,"60,25",Dato aggiornato al 05/03/2018 - 13:46,332,332,,,332,2029,6035,1,U,
scrutiniCI,23240000000,ESERCIZIO,214539,131986,"61,52",Dato aggiornato al 05/03/2018 - 13:46,351,351,,,351,1578,6138,6,U,
scrutiniCI,24110000000,ESERCIZIO,188665,116512,"61,75",Dato aggiornato al 05/03/2018 - 13:46,205,205,,,205,546,3553,19,U,
scrutiniCI,24120000000,ESERCIZIO,177659,109875,"61,84",Dato aggiornato al 05/03/2018 - 13:46,204,204,,,204,533,3132,4,U,
scrutiniCI,24130000000,ESERCIZIO,182683,106004,"58,02",Dato aggiornato al 05/03/2018 - 13:46,211,211,,,211,603,4092,20,U,
scrutiniCI,24210000000,ESERCIZIO,209518,131886,"62,94",Dato aggiornato al 05/03/2018 - 13:46,267,267,,,267,1734,5738,1,U,
scrutiniCI,24220000000,ESERCIZIO,249588,155666,"62,36",Dato aggiornato al 05/03/2018 - 13:46,298,298,,,298,1638,5891,1,U,
scrutiniCI,24230000000,ESERCIZIO,250456,158507,"63,28",Dato aggiornato al 05/03/2018 - 13:46,330,330,,,330,1888,6248,0,U,
scrutiniCI,24310000000,ESERCIZIO,191212,115503,"60,40",Dato aggiornato al 05/03/2018 - 13:46,261,261,,,261,1043,3598,0,U,
scrutiniCI,24320000000,ESERCIZIO,228757,128867,"56,33",Dato aggiornato al 05/03/2018 - 13:46,329,329,,,329,1389,5004,21,U,
scrutiniCI,24330000000,ESERCIZIO,217999,138890,"63,71",Dato aggiornato al 05/03/2018 - 13:46,306,306,,,306,1891,5303,1,U,
scrutiniCI,25110000000,ESERCIZIO,219277,139458,"63,59",Dato aggiornato al 05/03/2018 - 13:46,304,304,,,304,1223,4715,0,U,
scrutiniCI,25120000000,ESERCIZIO,250205,167685,"67,01",Dato aggiornato al 05/03/2018 - 13:46,413,413,,,413,3255,8149,41,U,
scrutiniCI,25130000000,ESERCIZIO,175939,113493,"64,50",Dato aggiornato al 05/03/2018 - 13:46,289,289,,,289,1464,4750,1,U,
scrutiniCI,25210000000,ESERCIZIO,229873,-,-,Dato aggiornato al 05/03/2018 - 14:31,275,286,,,-,-,-,-,U,
scrutiniCI,25220000000,ESERCIZIO,247576,147989,"59,77",Dato aggiornato al 05/03/2018 - 13:46,336,336,,,336,988,5644,42,U,
scrutiniCI,25230000000,ESERCIZIO,201186,137054,"68,12",Dato aggiornato al 05/03/2018 - 15:00,215,215,,,215,782,3626,11,U,
scrutiniCI,25310000000,ESERCIZIO,224777,135715,"60,37",Dato aggiornato al 05/03/2018 - 13:46,312,312,,,312,1546,5522,26,U,
scrutiniCI,25320000000,ESERCIZIO,209922,136162,"64,86",Dato aggiornato al 05/03/2018 - 13:46,272,272,,,272,1312,4781,38,U,
scrutiniCI,25330000000,ESERCIZIO,169888,103647,"61,00",Dato aggiornato al 05/03/2018 - 13:46,229,229,,,229,922,3146,7,U,
scrutiniCI,25340000000,ESERCIZIO,183006,116858,"63,85",Dato aggiornato al 05/03/2018 - 14:43,231,231,,,231,740,2456,13,U,
scrutiniCI,26110000000,ESERCIZIO,240137,-,-,Dato aggiornato al 05/03/2018 - 13:54,301,305,,,-,-,-,-,U,
scrutiniCI,26120000000,ESERCIZIO,273604,181083,"66,18",Dato aggiornato al 05/03/2018 - 14:54,332,332,,,332,1573,5119,124,U,
scrutiniCI,26130000000,ESERCIZIO,234299,152941,"65,27",Dato aggiornato al 05/03/2018 - 13:46,334,334,,,334,1658,5238,55,U,
scrutiniCI,26210000000,ESERCIZIO,187675,121492,"64,73",Dato aggiornato al 05/03/2018 - 13:46,283,283,,,283,1303,3875,41,U,
scrutiniCI,26220000000,ESERCIZIO,218443,145018,"66,38",Dato aggiornato al 05/03/2018 - 13:46,294,294,,,294,1073,4232,4,U,
scrutiniCI,26230000000,ESERCIZIO,214324,134600,"62,80",Dato aggiornato al 05/03/2018 - 13:46,290,290,,,290,1443,4710,29,U,
scrutiniCI,27010000000,ESERCIZIO,99547,71947,"72,27",Dato aggiornato al 05/03/2018 - 07:36,151,151,,,,2057,5573,4,U,
scrutiniCI,28110000000,ESERCIZIO,130916,97446,"74,43",Dato aggiornato al 05/03/2018 - 13:46,143,143,,,143,2504,5610,175,U,
scrutiniCI,28120000000,ESERCIZIO,115942,75810,"65,38",Dato aggiornato al 05/03/2018 - 13:46,149,149,,,149,4936,7722,14,U,
scrutiniCI,28130000000,ESERCIZIO,141499,94868,"67,04",Dato aggiornato al 05/03/2018 - 13:46,194,194,,,194,6805,10748,0,U,
scrutiniCI,28140000000,ESERCIZIO,175504,139993,"79,76",Dato aggiornato al 05/03/2018 - 13:46,226,226,,,226,1643,4741,0,U,
scrutiniCI,28150000000,ESERCIZIO,137396,108990,"79,32",Dato aggiornato al 05/03/2018 - 13:46,177,177,,,177,1221,3562,1,U,
scrutiniCI,28160000000,ESERCIZIO,95560,75226,"78,72",Dato aggiornato al 05/03/2018 - 13:46,127,127,,,127,830,2666,0,U,
scrutiniSI,01000000000,ESERCIZIO,3142084,2359541,"75,09",Dato aggiornato al 05/03/2018 - 14:09,4815,4815,8,8,0,23372,87110,417,I,
scrutiniSI,03000000000,ESERCIZIO,6933297,-,-,Dato aggiornato al 05/03/2018 - 14:47,9210,9227,16,18,0,-,-,-,I,
scrutiniSI,04000000000,ESERCIZIO,724073,543481,"75,05",Dato aggiornato al 05/03/2018 - 13:29,1016,1016,6,6,0,17736,32102,108,I,
scrutiniSI,05000000000,ESERCIZIO,3440131,2712737,"78,85",Dato aggiornato al 05/03/2018 - 12:11,4739,4739,9,9,0,24863,70956,318,I,
scrutiniSI,06000000000,ESERCIZIO,886339,665611,"75,09",Dato aggiornato al 05/03/2018 - 10:20,1369,1369,2,2,0,6372,21550,184,I,
scrutiniSI,07000000000,ESERCIZIO,1149899,826799,"71,90",Dato aggiornato al 05/03/2018 - 11:42,1789,1789,3,3,0,7739,23456,142,I,
scrutiniSI,08000000000,ESERCIZIO,3098703,-,-,Dato aggiornato al 05/03/2018 - 13:10,4494,4510,7,8,0,-,-,-,I,
scrutiniSI,09000000000,ESERCIZIO,2647437,-,-,Dato aggiornato al 05/03/2018 - 12:07,3953,3954,6,7,0,-,-,-,I,
scrutiniSI,11000000000,ESERCIZIO,1095884,844732,"77,08",Dato aggiornato al 05/03/2018 - 14:54,1574,1574,3,3,0,10052,23118,87,I,
scrutiniSI,12000000000,ESERCIZIO,4052539,-,-,Dato aggiornato al 05/03/2018 - 15:09,5087,5285,0,10,0,-,-,-,I,
scrutiniSI,13000000000,ESERCIZIO,964353,723303,"75,00",Dato aggiornato al 05/03/2018 - 13:48,1639,1639,2,2,0,9442,25472,114,I,
scrutiniSI,14000000000,ESERCIZIO,233710,166650,"71,30",Dato aggiornato al 05/03/2018 - 12:40,394,394,1,1,0,3030,6916,15,I,
scrutiniSI,15000000000,ESERCIZIO,4088744,2774197,"67,84",Dato aggiornato al 05/03/2018 - 14:30,5826,5826,11,11,0,37218,93500,426,I,
scrutiniSI,16000000000,ESERCIZIO,2971874,2054760,"69,14",Dato aggiornato al 05/03/2018 - 13:07,4026,4026,8,8,0,27661,74893,256,I,
scrutiniSI,17000000000,ESERCIZIO,423233,300948,"71,10",Dato aggiornato al 05/03/2018 - 13:58,681,681,1,1,0,5222,14545,94,I,
scrutiniSI,18000000000,ESERCIZIO,1402353,-,-,Dato aggiornato al 05/03/2018 - 14:27,2408,2416,3,4,0,-,-,-,I,
scrutiniSI,19000000000,ESERCIZIO,3629186,2286543,"63,00",Dato aggiornato al 05/03/2018 - 14:53,5298,5298,9,9,0,26943,92207,281,I,
scrutiniSI,01100000000,ESERCIZIO,1624578,1225916,"75,46",Dato aggiornato al 05/03/2018 - 14:09,2322,2322,4,4,0,9679,41971,271,L,N
scrutiniSI,01200000000,ESERCIZIO,1517506,1133625,"74,70",Dato aggiornato al 05/03/2018 - 13:42,2493,2493,4,4,0,13693,45139,146,L,N
scrutiniSI,03100000000,ESERCIZIO,1161650,879388,"75,70",Dato aggiornato al 05/03/2018 - 12:47,1701,1701,3,3,0,12152,26976,71,L,N
scrutiniSI,03200000000,ESERCIZIO,1504511,1203006,"79,95",Dato aggiornato al 05/03/2018 - 12:42,1996,1996,4,4,0,16322,34590,184,L,N
scrutiniSI,03300000000,ESERCIZIO,1520208,-,-,Dato aggiornato al 05/03/2018 - 14:47,1966,1983,2,4,0,-,-,-,L,N
scrutiniSI,03400000000,ESERCIZIO,1505201,1128335,"74,96",Dato aggiornato al 05/03/2018 - 13:32,2012,2012,4,4,0,11121,28474,610,L,N
scrutiniSI,03500000000,ESERCIZIO,1241727,963248,"77,57",Dato aggiornato al 05/03/2018 - 14:29,1535,1535,3,3,0,9720,24276,195,L,N
scrutiniSI,04100000000,ESERCIZIO,724073,543481,"75,05",Dato aggiornato al 05/03/2018 - 13:29,1016,1016,6,6,0,17736,32102,108,L,N
scrutiniSI,05100000000,ESERCIZIO,1553134,1205160,"77,59",Dato aggiornato al 05/03/2018 - 12:11,2162,2162,4,4,0,11652,33097,159,L,N
scrutiniSI,05200000000,ESERCIZIO,1886997,1507577,"79,89",Dato aggiornato al 05/03/2018 - 11:19,2577,2577,5,5,0,13211,37859,159,L,N
scrutiniSI,06100000000,ESERCIZIO,886339,665611,"75,09",Dato aggiornato al 05/03/2018 - 10:20,1369,1369,2,2,0,6372,21550,184,L,N
scrutiniSI,07100000000,ESERCIZIO,1149899,826799,"71,90",Dato aggiornato al 05/03/2018 - 11:42,1789,1789,3,3,0,7739,23456,142,L,N
scrutiniSI,08100000000,ESERCIZIO,1702099,1338289,"78,62",Dato aggiornato al 05/03/2018 - 13:10,2491,2491,4,4,0,12579,35032,94,L,N
scrutiniSI,08200000000,ESERCIZIO,1396604,-,-,Dato aggiornato al 05/03/2018 - 11:28,2003,2019,3,4,0,-,-,-,L,N
scrutiniSI,09100000000,ESERCIZIO,1494688,1154506,"77,24",Dato aggiornato al 05/03/2018 - 09:32,2220,2220,4,4,0,10235,33561,145,L,N
scrutiniSI,09200000000,ESERCIZIO,1152749,-,-,Dato aggiornato al 05/03/2018 - 12:07,1733,1734,2,3,0,-,-,-,L,N
scrutiniSI,10100000000,ESERCIZIO,625191,487451,"77,96",Dato aggiornato al 05/03/2018 - 09:26,1005,1005,2,2,0,4974,13573,115,L,N
scrutiniSI,11100000000,ESERCIZIO,1095884,844732,"77,08",Dato aggiornato al 05/03/2018 - 14:54,1574,1574,3,3,0,10052,23118,87,L,N
scrutiniSI,12100000000,ESERCIZIO,1208962,-,-,Dato aggiornato al 05/03/2018 - 09:58,1653,1688,0,3,0,-,-,-,L,N
scrutiniSI,12200000000,ESERCIZIO,1217934,-,-,Dato aggiornato al 05/03/2018 - 15:04,1533,1602,0,3,0,-,-,-,L,N
scrutiniSI,12300000000,ESERCIZIO,1625643,-,-,Dato aggiornato al 05/03/2018 - 15:09,1901,1995,0,4,0,-,-,-,L,N
scrutiniSI,13100000000,ESERCIZIO,964353,723303,"75,00",Dato aggiornato al 05/03/2018 - 13:48,1639,1639,2,2,0,9442,25472,114,L,N
scrutiniSI,14100000000,ESERCIZIO,233710,166650,"71,30",Dato aggiornato al 05/03/2018 - 12:40,394,394,1,1,0,3030,6916,15,L,N
scrutiniSI,15100000000,ESERCIZIO,1169122,826751,"70,71",Dato aggiornato al 05/03/2018 - 14:11,1792,1792,3,3,0,15411,34446,230,L,N
scrutiniSI,15200000000,ESERCIZIO,1482727,941662,"63,50",Dato aggiornato al 05/03/2018 - 09:41,1939,1939,4,4,0,6531,22684,58,L,N
scrutiniSI,15300000000,ESERCIZIO,1436895,1005784,"69,99",Dato aggiornato al 05/03/2018 - 14:30,2095,2095,4,4,0,15276,36370,138,L,N
scrutiniSI,16100000000,ESERCIZIO,1426502,976192,"68,43",Dato aggiornato al 05/03/2018 - 13:07,1999,1999,4,4,0,10561,32615,178,L,N
scrutiniSI,16200000000,ESERCIZIO,1545372,1078568,"69,79",Dato aggiornato al 05/03/2018 - 11:58,2027,2027,4,4,0,17100,42278,78,L,N
scrutiniSI,17100000000,ESERCIZIO,423233,300948,"71,10",Dato aggiornato al 05/03/2018 - 13:58,681,681,1,1,0,5222,14545,94,L,N
scrutiniSI,18100000000,ESERCIZIO,1402353,-,-,Dato aggiornato al 05/03/2018 - 14:27,2408,2416,3,4,0,-,-,-,L,N
scrutiniSI,19100000000,ESERCIZIO,1873329,1155198,"61,66",Dato aggiornato al 05/03/2018 - 13:26,2700,2700,5,5,0,14067,48013,65,L,N
scrutiniSI,19200000000,ESERCIZIO,1755857,1131345,"64,43",Dato aggiornato al 05/03/2018 - 14:53,2598,2598,4,4,0,12876,44194,216,L,N
scrutiniSI,20100000000,ESERCIZIO,1269791,-,-,Dato aggiornato al 05/03/2018 - 14:15,1836,1838,2,3,0,-,-,-,L,N
scrutiniSI,01110000000,ESERCIZIO,412836,314753,"76,24",Dato aggiornato al 05/03/2018 - 13:58,615,615,,,615,2967,11876,20,U,
scrutiniSI,01120000000,ESERCIZIO,395005,303124,"76,73",Dato aggiornato al 05/03/2018 - 12:12,525,525,,,525,2695,11476,88,U,
scrutiniSI,01130000000,ESERCIZIO,372357,283069,"76,02",Dato aggiornato al 05/03/2018 - 14:09,503,503,,,503,1819,8397,70,U,
scrutiniSI,01140000000,ESERCIZIO,444380,324970,"73,12",Dato aggiornato al 05/03/2018 - 12:12,679,679,,,679,2198,10222,93,U,
scrutiniSI,01210000000,ESERCIZIO,381219,285983,"75,01",Dato aggiornato al 05/03/2018 - 15:00,571,571,,,571,3114,10903,80,U,
scrutiniSI,01220000000,ESERCIZIO,346525,257700,"74,36",Dato aggiornato al 05/03/2018 - 15:03,587,587,,,587,3125,10371,39,U,
scrutiniSI,01230000000,ESERCIZIO,378371,273931,"72,39",Dato aggiornato al 05/03/2018 - 12:12,645,645,,,645,2973,9432,24,U,
scrutiniSI,01240000000,ESERCIZIO,411391,316011,"76,81",Dato aggiornato al 05/03/2018 - 12:12,690,690,,,690,4481,14433,3,U,
scrutiniSI,02010000000,ESERCIZIO,92087,66670,"72,39",Dato aggiornato al 05/03/2018 - 09:16,151,151,,,,1631,4728,4,U,
scrutiniSI,03110000000,ESERCIZIO,390214,288161,"73,84",Dato aggiornato al 05/03/2018 - 12:47,604,604,,,604,4184,9807,19,U,
scrutiniSI,03120000000,ESERCIZIO,406180,314130,"77,33",Dato aggiornato al 05/03/2018 - 12:16,585,585,,,585,4010,9581,46,U,
scrutiniSI,03130000000,ESERCIZIO,365256,277097,"75,86",Dato aggiornato al 05/03/2018 - 12:12,512,512,,,512,3958,7588,6,U,
scrutiniSI,03210000000,ESERCIZIO,425102,341669,"80,37",Dato aggiornato al 05/03/2018 - 12:42,566,566,,,566,4555,9856,62,U,
scrutiniSI,03220000000,ESERCIZIO,344323,276157,"80,20",Dato aggiornato al 05/03/2018 - 12:12,415,415,,,415,3609,8100,37,U,
scrutiniSI,03230000000,ESERCIZIO,367151,289764,"78,92",Dato aggiornato al 05/03/2018 - 12:12,498,498,,,498,3504,7435,33,U,
scrutiniSI,03240000000,ESERCIZIO,367935,295416,"80,29",Dato aggiornato al 05/03/2018 - 12:12,517,517,,,517,4654,9199,52,U,
scrutiniSI,03310000000,ESERCIZIO,321746,254109,"78,97",Dato aggiornato al 05/03/2018 - 12:12,423,423,,,423,3655,8356,37,U,
scrutiniSI,03320000000,ESERCIZIO,345103,-,-,Dato aggiornato al 05/03/2018 - 12:38,476,491,,,-,-,-,-,U,
scrutiniSI,03330000000,ESERCIZIO,441834,336440,"76,14",Dato aggiornato al 05/03/2018 - 14:07,535,535,,,535,3660,9654,76,U,
scrutiniSI,03340000000,ESERCIZIO,411525,-,-,Dato aggiornato al 05/03/2018 - 14:47,532,534,,,-,-,-,-,U,
scrutiniSI,03410000000,ESERCIZIO,323928,243939,"75,30",Dato aggiornato al 05/03/2018 - 12:19,458,458,,,458,2224,5274,103,U,
scrutiniSI,03420000000,ESERCIZIO,404579,295842,"73,12",Dato aggiornato al 05/03/2018 - 12:12,569,569,,,569,2845,7273,158,U,
scrutiniSI,03430000000,ESERCIZIO,362207,270258,"74,61",Dato aggiornato al 05/03/2018 - 12:19,476,476,,,476,2786,7268,222,U,
scrutiniSI,03440000000,ESERCIZIO,414487,318296,"76,79",Dato aggiornato al 05/03/2018 - 15:07,509,509,,,509,3266,8659,127,U,
scrutiniSI,03510000000,ESERCIZIO,403149,313716,"77,81",Dato aggiornato al 05/03/2018 - 12:12,486,486,,,486,2961,7623,62,U,
scrutiniSI,03520000000,ESERCIZIO,399347,313633,"78,53",Dato aggiornato al 05/03/2018 - 14:29,487,487,,,487,3388,8053,63,U,
scrutiniSI,03530000000,ESERCIZIO,439231,335899,"76,47",Dato aggiornato al 05/03/2018 - 12:23,562,562,,,562,3371,8600,70,U,
scrutiniSI,04110000000,ESERCIZIO,119669,90093,"75,28",Dato aggiornato al 05/03/2018 - 12:12,143,143,,,143,2332,4908,100,U,
scrutiniSI,04120000000,ESERCIZIO,104490,69773,"66,77",Dato aggiornato al 05/03/2018 - 12:12,149,149,,,149,5481,7887,0,U,
scrutiniSI,04130000000,ESERCIZIO,126556,86549,"68,38",Dato aggiornato al 05/03/2018 - 12:12,194,194,,,194,6085,8899,1,U,
scrutiniSI,04140000000,ESERCIZIO,160373,128206,"79,94",Dato aggiornato al 05/03/2018 - 12:12,226,226,,,226,1606,4537,0,U,
scrutiniSI,04150000000,ESERCIZIO,125822,100155,"79,60",Dato aggiornato al 05/03/2018 - 12:23,177,177,,,177,1297,3330,5,U,
scrutiniSI,04160000000,ESERCIZIO,87163,68705,"78,82",Dato aggiornato al 05/03/2018 - 13:29,127,127,,,127,935,2541,2,U,
scrutiniSI,05110000000,ESERCIZIO,383617,291317,"75,93",Dato aggiornato al 05/03/2018 - 14:12,528,528,,,528,2432,7499,95,U,
scrutiniSI,05120000000,ESERCIZIO,430717,336916,"78,22",Dato aggiornato al 05/03/2018 - 12:12,610,610,,,610,3555,9965,6,U,
scrutiniSI,05130000000,ESERCIZIO,373494,294995,"78,98",Dato aggiornato al 05/03/2018 - 12:12,504,504,,,504,2832,7632,41,U,
scrutiniSI,05140000000,ESERCIZIO,365306,281932,"77,17",Dato aggiornato al 05/03/2018 - 12:12,520,520,,,520,2833,8001,17,U,
scrutiniSI,05210000000,ESERCIZIO,437867,348362,"79,55",Dato aggiornato al 05/03/2018 - 12:12,596,596,,,596,3240,9049,17,U,
scrutiniSI,05220000000,ESERCIZIO,430903,353488,"82,03",Dato aggiornato al 05/03/2018 - 12:12,575,575,,,575,3212,9237,21,U,
scrutiniSI,05230000000,ESERCIZIO,386580,309897,"80,16",Dato aggiornato al 05/03/2018 - 14:39,545,545,,,545,2885,8553,85,U,
scrutiniSI,05240000000,ESERCIZIO,327679,256137,"78,16",Dato aggiornato al 05/03/2018 - 12:12,471,471,,,471,1918,5723,23,U,
scrutiniSI,05250000000,ESERCIZIO,303968,239693,"78,85",Dato aggiornato al 05/03/2018 - 12:12,390,390,,,390,1956,5297,13,U,
scrutiniSI,06110000000,ESERCIZIO,358739,262484,"73,16",Dato aggiornato al 05/03/2018 - 12:12,571,571,,,571,2328,8223,67,U,
scrutiniSI,06120000000,ESERCIZIO,527600,403127,"76,40",Dato aggiornato al 05/03/2018 - 12:12,798,798,,,798,4044,13327,117,U,
scrutiniSI,07110000000,ESERCIZIO,386314,278979,"72,21",Dato aggiornato al 05/03/2018 - 12:12,599,599,,,599,3049,9371,55,U,
scrutiniSI,07120000000,ESERCIZIO,363467,252816,"69,55",Dato aggiornato al 05/03/2018 - 12:12,566,566,,,566,1977,6114,54,U,
scrutiniSI,07130000000,ESERCIZIO,400118,295004,"73,72",Dato aggiornato al 05/03/2018 - 12:12,624,624,,,624,2713,7971,33,U,
scrutiniSI,08110000000,ESERCIZIO,401498,315281,"78,52",Dato aggiornato al 05/03/2018 - 12:12,568,568,,,568,2735,7510,4,U,
scrutiniSI,08120000000,ESERCIZIO,385308,304113,"78,92",Dato aggiornato al 05/03/2018 - 15:14,544,544,,,544,2617,7332,17,U,
scrutiniSI,08130000000,ESERCIZIO,443096,352249,"79,49",Dato aggiornato al 05/03/2018 - 13:10,637,637,,,637,3738,10460,28,U,
scrutiniSI,08140000000,ESERCIZIO,472197,366646,"77,64",Dato aggiornato al 05/03/2018 - 12:12,742,742,,,742,3489,9730,45,U,
scrutiniSI,08210000000,ESERCIZIO,348043,276527,"79,45",Dato aggiornato al 05/03/2018 - 12:12,519,519,,,519,3154,7563,56,U,
scrutiniSI,08220000000,ESERCIZIO,334122,-,-,Dato aggiornato al 05/03/2018 - 12:12,440,456,,,-,-,-,-,U,
scrutiniSI,08230000000,ESERCIZIO,369613,287175,"77,69",Dato aggiornato al 05/03/2018 - 12:12,520,520,,,520,3035,7811,15,U,
scrutiniSI,08240000000,ESERCIZIO,344826,259609,"75,28",Dato aggiornato al 05/03/2018 - 12:12,524,524,,,524,2970,7536,42,U,
scrutiniSI,09110000000,ESERCIZIO,326860,256879,"78,58",Dato aggiornato al 05/03/2018 - 12:12,461,461,,,461,1979,6613,72,U,
scrutiniSI,09120000000,ESERCIZIO,376571,302242,"80,26",Dato aggiornato al 05/03/2018 - 12:12,511,511,,,511,2711,8773,11,U,
scrutiniSI,09130000000,ESERCIZIO,371508,286105,"77,01",Dato aggiornato al 05/03/2018 - 12:12,541,541,,,541,2702,8890,27,U,
scrutiniSI,09140000000,ESERCIZIO,419749,309280,"73,68",Dato aggiornato al 05/03/2018 - 12:12,707,707,,,707,2843,9285,35,U,
scrutiniSI,09210000000,ESERCIZIO,377538,296312,"78,48",Dato aggiornato al 05/03/2018 - 12:12,590,590,,,590,3384,9326,27,U,
scrutiniSI,09220000000,ESERCIZIO,366430,287704,"78,51",Dato aggiornato al 05/03/2018 - 12:12,502,502,,,502,2727,8045,37,U,
scrutiniSI,09230000000,ESERCIZIO,408781,-,-,Dato aggiornato al 05/03/2018 - 12:12,641,642,,,-,-,-,-,U,
scrutiniSI,10110000000,ESERCIZIO,329241,260232,"79,03",Dato aggiornato al 05/03/2018 - 12:12,496,496,,,496,2709,7136,18,U,
scrutiniSI,10120000000,ESERCIZIO,295950,227219,"76,77",Dato aggiornato al 05/03/2018 - 12:12,509,509,,,509,2265,6437,97,U,
scrutiniSI,11110000000,ESERCIZIO,347201,270403,"77,88",Dato aggiornato al 05/03/2018 - 13:15,541,541,,,541,3002,7139,54,U,
scrutiniSI,11120000000,ESERCIZIO,378552,290919,"76,85",Dato aggiornato al 05/03/2018 - 14:54,534,534,,,534,3383,7871,16,U,
scrutiniSI,11130000000,ESERCIZIO,370131,283410,"76,57",Dato aggiornato al 05/03/2018 - 13:14,499,499,,,499,3667,8108,17,U,
scrutiniSI,12110000000,ESERCIZIO,399729,-,-,Dato aggiornato al 05/03/2018 - 12:12,537,552,,,-,-,-,-,U,
scrutiniSI,12120000000,ESERCIZIO,373582,-,-,Dato aggiornato al 05/03/2018 - 12:12,501,514,,,-,-,-,-,U,
scrutiniSI,12130000000,ESERCIZIO,435651,-,-,Dato aggiornato al 05/03/2018 - 12:12,615,622,,,-,-,-,-,U,
scrutiniSI,12210000000,ESERCIZIO,411074,-,-,Dato aggiornato al 05/03/2018 - 12:12,517,535,,,-,-,-,-,U,
scrutiniSI,12220000000,ESERCIZIO,419659,-,-,Dato aggiornato al 05/03/2018 - 14:03,492,512,,,-,-,-,-,U,
scrutiniSI,12230000000,ESERCIZIO,387201,-,-,Dato aggiornato al 05/03/2018 - 15:04,524,555,,,-,-,-,-,U,
scrutiniSI,12310000000,ESERCIZIO,364198,-,-,Dato aggiornato al 05/03/2018 - 14:45,478,496,,,-,-,-,-,U,
scrutiniSI,12320000000,ESERCIZIO,432809,-,-,Dato aggiornato al 05/03/2018 - 13:08,502,520,,,-,-,-,-,U,
scrutiniSI,12330000000,ESERCIZIO,407129,-,-,Dato aggiornato al 05/03/2018 - 13:19,499,508,,,-,-,-,-,U,
scrutiniSI,12340000000,ESERCIZIO,421507,-,-,Dato aggiornato al 05/03/2018 - 15:09,422,471,,,-,-,-,-,U,
scrutiniSI,13110000000,ESERCIZIO,557917,418778,"75,06",Dato aggiornato al 05/03/2018 - 13:37,918,918,,,918,5346,14937,70,U,
scrutiniSI,13120000000,ESERCIZIO,406436,304525,"74,92",Dato aggiornato al 05/03/2018 - 13:48,721,721,,,721,4096,10535,44,U,
scrutiniSI,14110000000,ESERCIZIO,233710,166650,"71,30",Dato aggiornato al 05/03/2018 - 12:40,394,394,,,394,3030,6916,15,U,
scrutiniSI,15110000000,ESERCIZIO,376313,269255,"71,55",Dato aggiornato al 05/03/2018 - 14:11,618,618,,,618,6203,13009,134,U,
scrutiniSI,15120000000,ESERCIZIO,436647,301654,"69,08",Dato aggiornato al 05/03/2018 - 12:12,596,596,,,596,4053,10267,16,U,
scrutiniSI,15130000000,ESERCIZIO,356162,255842,"71,83",Dato aggiornato al 05/03/2018 - 15:11,578,578,,,578,5155,11170,80,U,
scrutiniSI,15210000000,ESERCIZIO,416008,268877,"64,63",Dato aggiornato al 05/03/2018 - 15:12,530,530,,,530,2154,6787,2,U,
scrutiniSI,15220000000,ESERCIZIO,396363,268287,"67,68",Dato aggiornato al 05/03/2018 - 12:12,525,525,,,525,2403,6880,16,U,
scrutiniSI,15230000000,ESERCIZIO,341677,208141,"60,91",Dato aggiornato al 05/03/2018 - 12:12,443,443,,,443,1015,4629,21,U,
scrutiniSI,15240000000,ESERCIZIO,328679,196357,"59,74",Dato aggiornato al 05/03/2018 - 12:12,441,441,,,441,959,4388,19,U,
scrutiniSI,15310000000,ESERCIZIO,306484,216620,"70,67",Dato aggiornato al 05/03/2018 - 12:12,444,444,,,444,2433,6241,11,U,
scrutiniSI,15320000000,ESERCIZIO,350673,232867,"66,40",Dato aggiornato al 05/03/2018 - 12:12,511,511,,,511,2569,7172,2,U,
scrutiniSI,15330000000,ESERCIZIO,419358,302037,"72,02",Dato aggiornato al 05/03/2018 - 13:58,580,580,,,580,4274,10697,41,U,
scrutiniSI,15340000000,ESERCIZIO,360380,254260,"70,55",Dato aggiornato al 05/03/2018 - 14:30,560,560,,,560,6000,12260,84,U,
scrutiniSI,16110000000,ESERCIZIO,390501,269232,"68,94",Dato aggiornato al 05/03/2018 - 12:12,541,541,,,541,2011,7557,28,U,
scrutiniSI,16120000000,ESERCIZIO,363090,254098,"69,98",Dato aggiornato al 05/03/2018 - 12:12,469,469,,,469,2903,8816,61,U,
scrutiniSI,16130000000,ESERCIZIO,361594,245086,"67,77",Dato aggiornato al 05/03/2018 - 12:12,522,522,,,522,3129,8530,35,U,
scrutiniSI,16140000000,ESERCIZIO,311317,207776,"66,74",Dato aggiornato al 05/03/2018 - 13:07,467,467,,,467,2518,7712,54,U,
scrutiniSI,16210000000,ESERCIZIO,390550,276398,"70,77",Dato aggiornato al 05/03/2018 - 12:12,500,500,,,500,3757,9887,14,U,
scrutiniSI,16220000000,ESERCIZIO,371534,258435,"69,55",Dato aggiornato al 05/03/2018 - 12:12,482,482,,,482,4094,10753,17,U,
scrutiniSI,16230000000,ESERCIZIO,400283,282226,"70,50",Dato aggiornato al 05/03/2018 - 12:12,564,564,,,564,5568,12079,20,U,
scrutiniSI,16240000000,ESERCIZIO,383005,261509,"68,27",Dato aggiornato al 05/03/2018 - 14:57,481,481,,,481,3681,9559,27,U,
scrutiniSI,17110000000,ESERCIZIO,423233,300948,"71,10",Dato aggiornato al 05/03/2018 - 13:58,681,681,,,681,5222,14545,94,U,
scrutiniSI,18110000000,ESERCIZIO,321325,197790,"61,55",Dato aggiornato al 05/03/2018 - 13:55,562,562,,,562,3805,8514,23,U,
scrutiniSI,18120000000,ESERCIZIO,359638,-,-,Dato aggiornato al 05/03/2018 - 14:27,582,590,,,-,-,-,-,U,
scrutiniSI,18130000000,ESERCIZIO,341896,220606,"64,52",Dato aggiornato al 05/03/2018 - 12:12,581,581,,,581,4086,10579,20,U,
scrutiniSI,18140000000,ESERCIZIO,379494,230180,"60,65",Dato aggiornato al 05/03/2018 - 12:12,683,683,,,683,3813,11925,24,U,
scrutiniSI,19110000000,ESERCIZIO,331792,205634,"61,97",Dato aggiornato al 05/03/2018 - 12:12,409,409,,,409,1113,6546,51,U,
scrutiniSI,19120000000,ESERCIZIO,354698,214454,"60,46",Dato aggiornato al 05/03/2018 - 15:08,478,478,,,478,2283,9768,6,U,
scrutiniSI,19130000000,ESERCIZIO,452032,284432,"62,92",Dato aggiornato al 05/03/2018 - 12:12,628,628,,,628,3822,12248,2,U,
scrutiniSI,19140000000,ESERCIZIO,403417,243644,"60,39",Dato aggiornato al 05/03/2018 - 12:55,635,635,,,635,3653,10361,4,U,
scrutiniSI,19150000000,ESERCIZIO,331390,207034,"62,47",Dato aggiornato al 05/03/2018 - 12:12,550,550,,,550,3196,9090,2,U,
scrutiniSI,19210000000,ESERCIZIO,430130,280798,"65,28",Dato aggiornato al 05/03/2018 - 12:12,717,717,,,717,4590,12867,58,U,
scrutiniSI,19220000000,ESERCIZIO,409250,263185,"64,30",Dato aggiornato al 05/03/2018 - 14:42,598,598,,,598,3304,11840,46,U,
scrutiniSI,19230000000,ESERCIZIO,436570,276994,"63,44",Dato aggiornato al 05/03/2018 - 14:53,609,609,,,609,1949,9573,82,U,
scrutiniSI,19240000000,ESERCIZIO,479907,310368,"64,67",Dato aggiornato al 05/03/2018 - 13:57,674,674,,,674,3033,9914,30,U,
scrutiniSI,20110000000,ESERCIZIO,478733,-,-,Dato aggiornato al 05/03/2018 - 14:15,635,637,,,-,-,-,-,U,
scrutiniSI,20120000000,ESERCIZIO,390493,254461,"65,16",Dato aggiornato al 05/03/2018 - 12:12,617,617,,,617,3039,8725,37,U,
scrutiniSI,20130000000,ESERCIZIO,400565,260050,"64,92",Dato aggiornato al 05/03/2018 - 12:12,584,584,,,584,2718,8365,32,U,
