provincia,livello,ente,href,comuni_perv,comuni,perc_ore12,perc_ore19,perc_ore2,percprec_ore233
010020000,1,ALESSANDRIA,,188,188,"20,70","61,56",,
010070000,1,ASTI,,118,118,"19,86","60,28",,
010270000,1,CUNEO,,250,250,"21,51","63,04",,
010520000,1,NOVARA,,88,88,"21,24","63,18",,
010810000,1,TORINO,,316,316,"19,53","61,28",,
010880000,1,VERCELLI,,83,83,"22,90","63,49",,
010960000,1,BIELLA,,78,78,"22,73","63,91",,
011020000,1,VERBANO-CUSIO-OSSOLA,,76,76,"22,23","62,02",,
020040000,1,AOSTA,,74,74,"21,24","59,01",,
030120000,1,BERGAMO,,242,242,"24,08","66,48",,
030150000,1,BRESCIA,,205,205,"22,91","65,49",,
030240000,1,COMO,,149,149,"20,52","61,15",,
030260000,1,CREMONA,,115,115,"23,52","66,16",,
030450000,1,MANTOVA,,66,66,"21,64","60,24",,
030490000,1,MILANO,,134,134,"19,35","60,27",,
030570000,1,PAVIA,,188,188,"18,90","59,95",,
030770000,1,SONDRIO,,77,77,"20,24","59,38",,
030860000,1,VARESE,,139,139,"20,18","61,29",,
030980000,1,LECCO,,86,86,"22,01","64,12",,
030990000,1,LODI,,60,60,"22,65","63,96",,
031040000,1,MONZA E DELLA BRIANZA,,55,55,"19,99","61,90",,
040140000,1,BOLZANO,,116,116,"20,08","58,03",,
040830000,1,TRENTO,,176,176,"21,58","63,00",,
050540000,1,PADOVA,,104,104,"21,95","65,42",,
050710000,1,ROVIGO,,50,50,"21,65","63,22",,
050840000,1,TREVISO,,95,95,"22,53","64,70",,
050870000,1,VENEZIA,,44,44,"21,91","64,08",,
050890000,1,VERONA,,98,98,"22,11","63,93",,
060350000,1,GORIZIA,,25,25,"23,54","64,42",,
060850000,1,UDINE,,134,134,"22,63","62,82",,
060920000,1,TRIESTE,,6,6,"22,03","59,03",,
060930000,1,PORDENONE,,50,50,"22,41","63,55",,
070340000,1,GENOVA,,67,67,"22,32","61,21",,
070370000,1,IMPERIA,,66,66,"21,27","58,94",,
070390000,1,LA SPEZIA,,32,32,"20,63","60,86",,
070740000,1,SAVONA,,69,69,"21,42","62,24",,
080130000,1,BOLOGNA,,55,55,"22,97","66,55",,
080290000,1,FERRARA,,23,23,"24,73","67,61",,
080320000,1,FORLI'-CESENA,,30,30,"24,05","68,43",,
080560000,1,PARMA,,45,45,"22,39","63,76",,
080610000,1,PIACENZA,,46,46,"24,25","65,42",,
080660000,1,RAVENNA,,18,18,"22,38","66,67",,
080680000,1,REGGIO NELL'EMILIA,,42,42,"22,37","65,52",,
081010000,1,RIMINI,,25,25,"20,23","63,10",,
090050000,1,AREZZO,,36,36,"20,36","64,37",,
090360000,1,GROSSETO,,28,28,"21,22","63,06",,
090420000,1,LIVORNO,,19,19,"21,29","63,47",,
090430000,1,LUCCA,,33,33,"19,64","61,73",,
090460000,1,MASSA-CARRARA,,17,17,"18,99","58,91",,
090620000,1,PISA,,37,37,"20,55","63,54",,
090630000,1,PISTOIA,,20,20,"20,41","61,92",,
090750000,1,SIENA,,35,35,"21,36","65,55",,
100580000,1,PERUGIA,,59,59,"20,83","65,23",,
110030000,1,ANCONA,,47,47,"19,87","61,72",,
110060000,1,ASCOLI PICENO,,33,33,"18,36","60,08",,
110440000,1,MACERATA,,55,55,"19,26","60,75",,
110590000,1,PESARO E URBINO,,54,54,"21,30","65,40",,
111050000,1,FERMO,,40,40,"19,33","62,29",,
120330000,1,FROSINONE,,91,91,"16,89","54,91",,
120690000,1,RIETI,,73,73,"17,87","57,39",,
120910000,1,VITERBO,,60,60,"17,59","56,76",,
130230000,1,CHIETI,,104,104,"19,49","61,01",,
130380000,1,L'AQUILA,,108,108,"18,58","60,86",,
130790000,1,TERAMO,,47,47,"19,52","61,70",,
140190000,1,CAMPOBASSO,,84,84,"18,39","57,12",,
140940000,1,ISERNIA,,52,52,"16,56","54,75",,
150080000,1,AVELLINO,,118,118,"16,60","56,12",,
150110000,1,BENEVENTO,,78,78,"19,02","58,59",,
150510000,1,NAPOLI,,92,92,"16,63","50,31",,
150720000,1,SALERNO,,158,158,"17,95","55,12",,
160090000,1,BARI,,41,41,"19,33","54,85",,
160160000,1,BRINDISI,,20,20,"17,45","53,87",,
160310000,1,FOGGIA,,61,61,"17,11","50,72",,
160410000,1,LECCE,,97,97,"18,05","56,94",,
160780000,1,TARANTO,,29,29,"16,64","51,36",,
161060000,1,BARLETTA-ANDRIA-TRANI,,10,10,"17,33","50,99",,
170470000,1,MATERA,,31,31,"15,23","50,79",,
170640000,1,POTENZA,,100,100,"16,81","54,34",,
180220000,1,CATANZARO,,80,80,"16,02","51,06",,
180250000,1,COSENZA,,151,151,"16,42","52,12",,
180670000,1,REGGIO CALABRIA,,97,97,"13,29","45,95",,
180970000,1,CROTONE,,27,27,"14,08","46,36",,
181030000,1,VIBO VALENTIA,,50,50,"14,44","50,03",,
190010000,1,AGRIGENTO,,43,43,"11,75","42,93",,
190180000,1,CALTANISSETTA,,22,22,"12,77","43,10",,
190210000,1,CATANIA,,58,58,"15,00","46,91",,
190280000,1,ENNA,,20,20,"13,73","46,13",,
190480000,1,MESSINA,,108,108,"15,94","50,69",,
190550000,1,PALERMO,,82,82,"14,00","46,89",,
190650000,1,RAGUSA,,12,12,"15,30","48,76",,
190760000,1,SIRACUSA,,21,21,"15,31","47,89",,
190820000,1,TRAPANI,,24,24,"12,78","47,58",,
200170000,1,CAGLIARI,,17,17,"19,26","53,23",,
200530000,1,NUORO,,74,74,"18,84","52,70",,
200730000,1,SASSARI,,92,92,"17,39","52,14",,
200950000,1,ORISTANO,,87,87,"17,44","51,31",,
201110000,1,SUD SARDEGNA,,107,107,"18,64","52,51",,
